-- INSERCIONES DE LA TABLA EMPLEADO.
INSERT INTO Empleado (no_empleado,contrasenia,rfc,nombre,calle,numero,colonia,seccion) 
VALUES (1000,'CAR76YHE6BA','XWQAVQNFSY','Alvarado, Ingrid S.','MA',24,'Alcalá de Henares','DSC'),
	(1001,'OIE07LFH0UI','JGZTOAKKER','Gilliam, Maisie U.','Vienna',40,'Vienna','DSC'),
	(1002,'VZI82KPA7UG','MXJFKZBTNV','Erickson, Kellie Y.','Nova Scotia',76,'Halifax','DSC'),
	(1003,'IKG52LLI5VX','HBYRQBUSHM','Molina, Sigourney J.','PR',64,'Gap','LIB'),
	(1004,'MFB12LEU5XG','SVQIJJCTRG','Blake, Orlando B.','Diyarbakır',52,'Silvan','LIB'),
	(1005,'FCY89VBB7AJ','BJJBMUGAEC','Barnett, Alfonso N.','BE',30,'Berlin','LIB'),
	(1006,'RDY44FDW8MH','XOJZCSSXKM','Petersen, Shellie P.','Campania',66,'Santo Stefano del Sole','DSC'),
	(1007,'ZGV07GNM1WL','AMDBNELZZR','Rasmussen, Brock E.','British Columbia',45,'Fraser-Fort George','LIB'),
	(1008,'AKC68JNW3KW','HTNHKQTUPY','Guerrero, Myles B.','SIC',98,'Milazzo','LIB'),
	(1009,'KFM65PKC4VT','HMSFUYRXEN','Gay, Deirdre Q.','SL',94,'Katowice','LIB'),
	(1010,'VDG86RDE7BJ','XULPYZRMRB','Buckley, Gwendolyn N.','Île-de-France',54,'Asnières-sur-Seine','DSC'),
	(1011,'UXG26JHT7UI','PUEJWKKOKF','Stanley, Beau Y.','Ontario',76,'Ottawa-Carleton','LIB'),
	(1012,'QVQ76MOI6UF','OJMGWSUOJB','Chandler, Tara P.','Gelderland',23,'Culemborg','LIB'),
	(1013,'IJK21DTX5EJ','DODKLGAASC','Hardy, Branden T.','NO',74,'Dunkerque','DSC'),
	(1014,'SCA60MGV7DG','CXIXJYYSAK','Craft, Deacon U.','South Island',8,'Nelson','DSC'),
	(1015,'SMJ71YQV5LP','REHJSZWSTM','Guzman, Lareina I.','Leinster',22,'Dublin','LIB'),
	(1016,'YDN41RHJ2JH','UPYAQQRQBN','Hopper, Camille M.','NSW',28,'Lithgow','DSC'),
	(1017,'GUD40LEP0IT','PTYQDLLRGB','Gomez, Nayda D.','Vienna',9,'Vienna','DSC'),
	(1018,'XBX75ULE2HW','FGABHDPOQI','Parrish, Madeson G.','OV',35,'Tielrode','DSC'),
	(1019,'ULQ95NKG8QA','PXPAKJASDJ','Martin, Wylie N.','AB',86,'Okotoks','DSC'),
	(1020,'LRN66TPZ2AM','FOKSOOYYDM','Sanders, Kiara I.','QLD',49,'Ipswich','DSC'),
	(1021,'RBY96ESN0AW','PABIYZVWRR','Walton, Constance W.','Ontario',5,'Vaughan','DSC'),
	(1022,'TOL73ICP3OE','NNLLTMBJOY','Kirby, Clarke T.','H',26,'Mercedes','LIB'),
	(1023,'YBK84ZUM4VP','XPFFWWMERF','Powers, Nicholas T.','BE',49,'Makurdi','LIB'),
	(1024,'UKI98TAJ0JI','JBOXONILWH','Decker, Aurora U.','Mersin',99,'Mersin','LIB'),
	(1025,'KKU77RDJ1WW','LESCULZFKB','Zimmerman, Jane Y.','Pomorskie',18,'Tczew','LIB'),
	(1026,'VNT92IZD4QD','DSXUUEAMWR','Arnold, Chester R.','VA',1,'Virginia Beach','LIB'),
	(1027,'PMT10ECO8SL','UNVRFEMAMN','Hays, Charlotte L.','RJ',34,'Campos dos Goytacazes','LIB'),
	(1028,'PVF31MGC0YC','RVNSOTEKIB','Frye, Keefe A.','British Columbia',6,'Richmond','DSC'),
	(1029,'AHM72WZV8EJ','SFQGWHMZEN','Ford, Tanner L.','New South Wales',11,'Bathurst','DSC'),
	(1030,'LKT18HZF5AC','NCZERMWBBY','Hays, Patrick T.','Vienna',54,'Vienna','LIB'),
	(1031,'HLU87UIP8SB','ZNKDUJNZRD','Flynn, Coby M.','Bauchi',40,'Bauchi','LIB'),
	(1032,'WIJ73ZZY8MP','QUMDIJRKDN','Carey, Jennifer D.','WB',33,'Longueville','LIB'),
	(1033,'YDM23ADS6SA','YZTUNVOGHS','Steele, Allistair Z.','AQ',53,'Bayonne','LIB'),
	(1034,'FKE96SKX1FB','IPAXYBHZIR','Turner, Maryam K.','Namen',38,'Wierde','DSC'),
	(1035,'QPX79HEO8LY','LPHWERLJOY','Mcmillan, Octavia Q.','A',73,'San Rafael','LIB'),
	(1036,'EUZ95IBY7XP','OOHRZFITBN','Kirkland, Silas R.','Vienna',69,'Vienna','LIB'),
	(1037,'WKB29ADK9AE','OCKFJTCXCM','Roth, Logan T.','Z.',87,'Spijkenisse','LIB'),
	(1038,'BMN11UOH0FB','OBYQRLXOBM','Ortiz, Michelle W.','Queensland',3,'Gold Coast','DSC'),
	(1039,'FTO76RIR0HI','HXEXBCKRPT','Larsen, Mariam Q.','N.',98,'Grave','DSC'),
	(1040,'IJE84EPF2YX','FMGWRQOZOL','Jacobs, Allegra K.','Overijssel',92,'Deventer','DSC'),
	(1041,'QAO18RJY8GG','OIJHJSFCSC','Beard, Marny P.','Piemonte',90,'Ferrere','DSC'),
	(1042,'XXX59CSA0YK','TVVPJNQYKZ','Finley, Bryar M.','South Island',11,'Westport','LIB'),
	(1043,'DTI86JVX0BQ','APODNSDAOR','Chase, Neve L.','MT',1,'Great Falls','DSC'),
	(1044,'YAX32WON9FP','LFCCLXIXES','Stevens, Freya I.','Berlin',12,'Berlin','LIB'),
	(1045,'JLZ04KVJ7KD','FDSRSLEDLO','Bates, Charity W.','Gelderland',28,'Nijmegen','LIB'),
	(1046,'TGD58VUI4CN','ZPZQAORZYX','Mack, Rana C.','British Columbia',61,'Terrance','DSC'),
	(1047,'JBU72PPF8IA','YSSSTXOYYE','Erickson, Joel M.','Maharastra',11,'Ichalkaranji','DSC'),
	(1048,'IEJ05QUS5QB','QMXLJAJUGU','Burch, Jeremy I.','East Lothian',51,'North Berwick','LIB'),
	(1049,'ZCR75NRH0BP','XTHWMOUDUP','Cobb, Hadassah Z.','HB',86,'Bremerhaven','DSC'),
	(1050,'MBF77ZPZ3YK','GYIVLKNNSA','Cotton, Belle Y.','Namen',73,'Falisolle','LIB'),
	(1051,'UZW93DIK7OS','JOQFERBXAV','Byrd, Phelan M.','Madhya Pradesh',32,'Shivapuri','DSC'),
	(1052,'AHH33WZB5PW','ZWOCZIFLMH','Todd, Beatrice E.','NL',38,'Marystown','LIB'),
	(1053,'WGS47WPM6KI','DSPDOMJTMP','Gilmore, Cedric A.','NI',21,'Gisborne','LIB'),
	(1054,'CTP87QAN4EH','GVAOZKWNFI','Todd, Ezra Q.','U',95,'Belfast','LIB'),
	(1055,'RTE09XRP5XT','GQHUAWHAQE','Navarro, Shad A.','Victoria',40,'Dandenong','DSC'),
	(1056,'EGH60LZZ7OA','OBLDDQDYVD','Barron, Yuri A.','MT',81,'Butte','LIB'),
	(1057,'WTW90TNP9AY','WLIBEHNPSY','Porter, Jordan M.','NI',80,'Masterton','LIB'),
	(1058,'BYC76HXG2NT','VMLHJKLDYS','Snyder, Paul V.','MT',95,'Missoula','LIB'),
	(1059,'KCC21HPU0JE','AIKBFWCZHK','Bruce, Bree O.','LOM',36,'Gambolò','DSC'),
	(1060,'XCU91AFT4FK','GEYDYNFALR','Hurst, Matthew Y.','Dumfriesshire',90,'Gretna','LIB'),
	(1061,'ABJ40IRV7OX','XXWCIRYXYH','Cabrera, Whoopi N.','Connacht',81,'Galway','DSC'),
	(1062,'MLB41FXD5OZ','ERXLIGHNQB','Maddox, Jillian O.','Louisiana',44,'Shreveport','DSC'),
	(1063,'SFL21HOT5JV','NEBZWSFTML','Moss, Anika C.','Ist',87,'Istanbul','LIB'),
	(1064,'UBP14TXT7NP','URRSAUYHZZ','Hampton, Charissa V.','British Columbia',17,'Port Coquitlam','LIB'),
	(1065,'EJH84QCU4IT','KLUXXSUXHO','Battle, Orson V.','Molise',20,'Salcito','DSC'),
	(1066,'BUS07LBK6KA','LARUSRCYYG','Gilmore, Wanda Z.','Uttar Pradesh',98,'Gorakhpur','LIB'),
	(1067,'GWM32YJV6SF','FNARFSKVUY','Gilbert, Connor Q.','North Island',96,'New Plymouth','LIB'),
	(1068,'VEK00LQE6KY','HXBUUVCMDL','House, Wing D.','Bal',81,'Edremit','LIB'),
	(1069,'APG10SSJ0RE','OWAGOQYVCW','Drake, Tanek I.','CAM',73,'San Mauro Cilento','DSC'),
	(1070,'LMU15AEM5JV','IDARLWWZOH','Vargas, Barbara B.','HA',78,'Rouen','LIB'),
	(1071,'QQF26EZO3YI','FPBKGWEGYC','Gay, Dominic P.','SJ',92,'Guadalupe','LIB'),
	(1072,'FUF60ELH7GG','LHJYQBHDHG','Stuart, Germane T.','Guanacaste',88,'Cañas','LIB'),
	(1073,'ITG70MGO5WJ','FRANOHDICK','Gordon, Reece H.','Ontario',87,'Ottawa-Carleton','LIB'),
	(1074,'NQU64XQV3CD','QYRPZUAHCN','Lynn, Barbara Q.','LX',68,'Bovigny','LIB'),
	(1075,'JCQ09UJB4ZO','NVTXBABTOD','Acevedo, Shaine P.','Quebec',85,'Saint-Eug?ne-de-Ladri?re','DSC'),
	(1076,'RKY20XMH2EB','HFEUKFATRP','Mcclure, Brielle R.','BC',57,'North Vancouver','DSC'),
	(1077,'PDI77DBV8VW','OAUGAFSEBP','Holloway, Kylan U.','HE',42,'Frasnes-lez-Gosselies','DSC'),
	(1078,'CLE36XXZ2UZ','WABKHASVVU','Whitley, Kasimir K.','Ontario',45,'Caledon','LIB'),
	(1079,'YQU57QFR1TL','BGAVSSOKKL','Ashley, Quintessa K.','NI',4,'Tokoroa','DSC'),
	(1080,'AFG42JAL6UT','VDONDKWTVK','Rowland, Fallon X.','GJ',10,'Bhuj','DSC'),
	(1081,'XMK42VEC6WQ','CPQWSFAXGE','Bolton, Sandra V.','Osun',19,'Ife','DSC'),
	(1082,'LUR00RMF1CE','DMYQNYFCMH','Byrd, Grant U.','Nevada',78,'North Las Vegas','LIB'),
	(1083,'YKW36HBF8LQ','TAVVYSRVQC','Contreras, Sonya G.','Bihar',68,'Sasaram','LIB'),
	(1084,'FKT60IFR5KT','QTLVPZMYGO','Moses, Barbara R.','SIC',17,'Chiusa Sclafani','LIB'),
	(1085,'HRA37LCO1UT','OKBZCFEPHX','Daniel, Ralph P.','Oregon',38,'Gresham','DSC'),
	(1086,'KRF69PAB1KW','AVFLGSGSQD','Miles, Maxine K.','A',44,'Alajuela','LIB'),
	(1087,'OEO91UMU2QL','PYOMZCZYGL','Benson, Emerson L.','H',64,'Heredia','LIB'),
	(1088,'UPP29DOT3QU','DDRSGNMIVC','Dawson, Warren D.','M',98,'Cork','DSC'),
	(1089,'SCW59CLP4FB','TSZPNVVGGQ','Simon, Nathan V.','LA',46,'Lagos','LIB'),
	(1090,'HHQ60NXV7XU','WAOZBEWSEO','Mcknight, Beck K.','Bremen',21,'Bremen','LIB'),
	(1091,'ZOG79CRC9RB','JCDPCEQOTV','Craft, Galvin L.','AZ',18,'Tucson','LIB'),
	(1092,'LEH41KYT1SM','ZXUNRZQRYD','Nash, Zeph O.','BA',67,'Juazeiro','DSC'),
	(1093,'JAQ59ZLU3MG','SVVUFEUFHR','Bennett, Samantha C.','VB',60,'Kobbegem','DSC'),
	(1094,'NDH86ULQ7WY','BMUSNFWLVM','Berger, Shaeleigh V.','Utah',59,'West Valley City','DSC'),
	(1095,'IGD95FSD9QC','FYUAMOJLIO','Petersen, Sloane I.','OR',31,'Eugene','DSC'),
	(1096,'IDD98EMY2YS','ANUGAVKOWQ','York, Karen E.','QLD',79,'Brisbane','LIB'),
	(1097,'QKP41XED2TM','TUUAKKHOFJ','Holcomb, Louis S.','Wie',25,'Vienna','LIB'),
	(1098,'ZKY58XFH7KR','AKRSGRTYCL','Wade, Moana P.','SIC',67,'Roccalumera','LIB'),
	(1099,'JDD55OJA2BV','DMWKYZSBUQ','Burgess, Rogan I.','Berlin',47,'Berlin','DSC');

-- INSERCIONES DE LA TABLA SECCIÓN.
INSERT INTO Seccion(seccion, sueldo)
VALUES ('LIB', 1500.0),
	('DSC', 2000.0);

-- INSERCIONES DE LA TABLA ADMINISTRADOR.
INSERT INTO Administrador (no_administrador,contrasenia) 
VALUES (2000,'UFR17LVR4OL'),
	(2001,'LMD38TEA4US'),
	(2002,'XFO81TUS1GE'),
	(2003,'ZZB37QPJ9KD'),
	(2004,'GJZ68WPY6PH'),
	(2005,'HSN80RCQ1XQ'),
	(2006,'BGT02ZFG0PC'),
	(2007,'ZLJ10DNW6FN'),
	(2008,'OPP53WYQ6CI'),
	(2009,'AZN27YWK9ZY'),
	(2010,'XFL17JUW8DZ'),
	(2011,'LSR36QUY6KD'),
	(2012,'KKA85UQU5QS'),
	(2013,'UUV31DYY3UZ'),
	(2014,'SHK52MVU0KK'),
	(2015,'KVO93TUE8YC'),
	(2016,'GFH14KGP7QH'),
	(2017,'QME72IOT4RO'),
	(2018,'CUS56DXR9MC'),
	(2019,'QJV88QKP9DQ'),
	(2020,'VIG15TGW7VK'),
	(2021,'OYT56XZN1MU'),
	(2022,'NSO21DTU3AQ'),
	(2023,'WXS24HDZ0VO'),
	(2024,'QTW23BEZ0QA'),
	(2025,'YPC31XDU1IC'),
	(2026,'DSJ30CXY6VN'),
	(2027,'DWU14AZH9TX'),
	(2028,'BZW71RDK6NM'),
	(2029,'GTX29TTT7EM'),
	(2030,'ZQJ26SDC9HZ'),
	(2031,'OBP49SGV5GB'),
	(2032,'MGC58KIG9GO'),
	(2033,'NVV10CYH3EY'),
	(2034,'KCV03UCL1YF'),
	(2035,'BDL21KBU2MN'),
	(2036,'PCB59YWE9QJ'),
	(2037,'PKV23SHI1SQ'),
	(2038,'QWV45FMI9DE'),
	(2039,'OTL10EFH4NQ'),
	(2040,'NZX59HRQ1HV'),
	(2041,'PCD93GGI7GO'),
	(2042,'JRC71XDA9CV'),
	(2043,'WRH90CHY3XO'),
	(2044,'HDG65UUU6OL'),
	(2045,'SKU06NDF3HK'),
	(2046,'LFX15JML5QO'),
	(2047,'WCA58CEB7TC'),
	(2048,'CKU87QWB3AX'),
	(2049,'NTJ56JXI0US'),
	(2050,'HGP11RNN7RM'),
	(2051,'XUS06CPV2XD'),
	(2052,'JXG67AYG0TK'),
	(2053,'MTQ95GMO6DK'),
	(2054,'MAS72DVF0RL'),
	(2055,'LSQ19IEP1FT'),
	(2056,'WBT25XNP0LZ'),
	(2057,'VQN56IFO7RS'),
	(2058,'IFQ53DGD6ZY'),
	(2059,'OAI02RQN3GD'),
	(2060,'IBW31YUO7UK'),
	(2061,'GXX58KME0PU'),
	(2062,'QFU79MEZ4XJ'),
	(2063,'XCS26NOJ3RL'),
	(2064,'BRU99WGZ5NQ'),
	(2065,'WKU77LMC8DG'),
	(2066,'CEV60ZYV1HT'),
	(2067,'CDD32XCQ9VS'),
	(2068,'PKP48EZP5XE'),
	(2069,'CXT72JWY8UI'),
	(2070,'VMN12ZMN6OY'),
	(2071,'EVS55JDO5RL'),
	(2072,'VFE00HKY7SZ'),
	(2073,'ULT35NBH7FJ'),
	(2074,'UFU25XIM3IB'),
	(2075,'CGO45NOP8XB'),
	(2076,'SIT70GPC6VP'),
	(2077,'UTU17XZX0ZW'),
	(2078,'KDS66YAS3JC'),
	(2079,'GUC92UGI8RI'),
	(2080,'LTV83ZTT3XE'),
	(2081,'AEL17BYT1CS'),
	(2082,'WKU89HRF1PH'),
	(2083,'JRT74JTR5CA'),
	(2084,'OFH94ABZ2BE'),
	(2085,'VBD76RPA0QQ'),
	(2086,'IEC31QPJ9VD'),
	(2087,'TEF32DYT8IR'),
	(2088,'IJL76ZDD5TI'),
	(2089,'NFK93INN7OU'),
	(2090,'MLS03SMV4PR'),
	(2091,'EYI56BHP6ML'),
	(2092,'WCS78TXJ2XH'),
	(2093,'FIL77SCM0QL'),
	(2094,'CDR99ORF6LF'),
	(2095,'OQE53BUR4QP'),
	(2096,'ZPR95QXM7IT'),
	(2097,'SHX71TAF9CU'),
	(2098,'VIJ08PDX8HJ'),
	(2099,'WQK18NAS0NA');

-- Inserciones de la tabla Artículo.
INSERT INTO Articulo (clave,precio,cantidad_articulo) 
VALUES (3000,'283.78',21),
	(3001,'441.70',19),
	(3002,'821.32',50),
	(3003,'368.50',46),
	(3004,'715.52',45),
	(3005,'649.52',47),
	(3006,'845.39',31),
	(3007,'610.62',15),
	(3008,'659.77',1),
	(3009,'577.35',21),
	(3010,'806.34',13),
	(3011,'536.21',5),
	(3012,'852.17',30),
	(3013,'692.75',32),
	(3014,'356.32',7),
	(3015,'705.34',2),
	(3016,'626.21',34),
	(3017,'520.20',9),
	(3018,'627.50',37),
	(3019,'673.08',39),
	(3020,'189.07',20),
	(3021,'934.82',22),
	(3022,'853.26',23),
	(3023,'811.42',12),
	(3024,'688.80',46),
	(3025,'937.25',25),
	(3026,'636.52',48),
	(3027,'719.38',49),
	(3028,'101.70',6),
	(3029,'778.73',16),
	(3030,'948.53',45),
	(3031,'917.09',12),
	(3032,'589.49',18),
	(3033,'665.89',46),
	(3034,'950.59',28),
	(3035,'964.35',46),
	(3036,'197.26',14),
	(3037,'542.78',3),
	(3038,'759.85',24),
	(3039,'433.47',17),
	(3040,'825.97',9),
	(3041,'503.31',3),
	(3042,'119.11',19),
	(3043,'781.79',18),
	(3044,'948.51',46),
	(3045,'398.41',29),
	(3046,'939.21',45),
	(3047,'752.21',36),
	(3048,'173.19',46),
	(3049,'476.76',12),
	(3050,'471.86',3),
	(3051,'767.23',36),
	(3052,'698.69',4),
	(3053,'576.97',33),
	(3054,'747.98',21),
	(3055,'288.08',25),
	(3056,'459.10',24),
	(3057,'992.80',6),
	(3058,'228.65',34),
	(3059,'887.77',47),
	(3060,'271.51',23),
	(3061,'615.65',35),
	(3062,'131.50',18),
	(3063,'406.58',45),
	(3064,'229.70',49),
	(3065,'891.03',37),
	(3066,'215.82',21),
	(3067,'885.11',47),
	(3068,'770.42',26),
	(3069,'497.29',31),
	(3070,'763.43',33),
	(3071,'239.44',48),
	(3072,'943.27',21),
	(3073,'336.27',3),
	(3074,'940.58',42),
	(3075,'964.86',15),
	(3076,'423.89',12),
	(3077,'228.63',15),
	(3078,'375.40',44),
	(3079,'651.87',38),
	(3080,'582.16',27),
	(3081,'525.95',38),
	(3082,'392.59',31),
	(3083,'102.07',17),
	(3084,'697.21',3),
	(3085,'613.57',42),
	(3086,'924.93',24),
	(3087,'800.50',47),
	(3088,'270.78',26),
	(3089,'223.17',7),
	(3090,'684.49',19),
	(3091,'985.56',45),
	(3092,'886.33',10),
	(3093,'695.54',34),
	(3094,'300.13',39),
	(3095,'672.49',26),
	(3096,'256.56',20),
	(3097,'607.09',10),
	(3098,'360.76',26),
	(3099,'124.21',22),
	(3100,'271.24',44),
	(3101,'589.02',43),
	(3102,'790.52',31),
	(3103,'547.68',33),
	(3104,'629.11',46),
	(3105,'879.66',40),
	(3106,'172.14',32),
	(3107,'873.56',14),
	(3108,'238.99',16),
	(3109,'726.40',48),
	(3110,'638.46',7),
	(3111,'924.65',2),
	(3112,'499.32',45),
	(3113,'928.00',38),
	(3114,'840.20',31),
	(3115,'853.65',13),
	(3116,'388.08',45),
	(3117,'538.27',12),
	(3118,'899.29',36),
	(3119,'177.95',3),
	(3120,'491.63',23),
	(3121,'566.66',27),
	(3122,'548.52',32),
	(3123,'197.27',47),
	(3124,'746.93',35),
	(3125,'805.92',32),
	(3126,'856.41',38),
	(3127,'976.18',28),
	(3128,'156.41',23),
	(3129,'324.69',36),
	(3130,'331.50',41),
	(3131,'461.50',40),
	(3132,'500.98',6),
	(3133,'977.46',21),
	(3134,'697.69',35),
	(3135,'540.09',30),
	(3136,'966.17',22),
	(3137,'133.87',28),
	(3138,'188.30',33),
	(3139,'641.97',45),
	(3140,'983.70',27),
	(3141,'475.72',46),
	(3142,'920.08',7),
	(3143,'504.45',34),
	(3144,'787.62',29),
	(3145,'757.15',29),
	(3146,'280.56',48),
	(3147,'574.82',7),
	(3148,'911.29',34),
	(3149,'767.95',25),
	(3150,'546.66',22),
	(3151,'629.59',41),
	(3152,'898.96',2),
	(3153,'574.57',17),
	(3154,'469.03',37),
	(3155,'335.75',25),
	(3156,'433.99',16),
	(3157,'341.95',36),
	(3158,'677.35',8),
	(3159,'778.93',35),
	(3160,'216.68',44),
	(3161,'157.43',10),
	(3162,'245.03',43),
	(3163,'574.20',22),
	(3164,'330.19',50),
	(3165,'379.82',45),
	(3166,'985.08',49),
	(3167,'817.31',27),
	(3168,'554.01',39),
	(3169,'373.59',33),
	(3170,'211.40',5),
	(3171,'702.26',7),
	(3172,'341.62',20),
	(3173,'624.57',3),
	(3174,'293.80',43),
	(3175,'464.00',36),
	(3176,'493.11',32),
	(3177,'339.01',47),
	(3178,'720.00',14),
	(3179,'441.48',23),
	(3180,'346.34',23),
	(3181,'208.13',31),
	(3182,'772.03',44),
	(3183,'284.87',5),
	(3184,'820.85',30),
	(3185,'682.80',27),
	(3186,'734.33',40),
	(3187,'617.62',48),
	(3188,'575.89',6),
	(3189,'252.97',47),
	(3190,'813.36',29),
	(3191,'575.86',20),
	(3192,'453.06',6),
	(3193,'699.67',43),
	(3194,'407.68',27),
	(3195,'646.60',7),
	(3196,'824.29',36),
	(3197,'888.30',14),
	(3198,'666.45',13),
	(3199,'886.62',11),
	(3200,'256.02',47),
	(3201,'333.65',40),
	(3202,'934.92',18),
	(3203,'849.82',31),
	(3204,'242.94',3),
	(3205,'355.72',47),
	(3206,'850.13',47),
	(3207,'881.33',48),
	(3208,'107.61',4),
	(3209,'813.19',13),
	(3210,'163.78',28),
	(3211,'818.82',23),
	(3212,'667.71',8),
	(3213,'341.89',42),
	(3214,'718.42',14),
	(3215,'450.78',10),
	(3216,'362.29',22),
	(3217,'287.57',21),
	(3218,'707.34',27),
	(3219,'428.89',30),
	(3220,'983.43',50),
	(3221,'940.68',39),
	(3222,'862.43',27),
	(3223,'422.36',41),
	(3224,'657.62',31),
	(3225,'887.00',23),
	(3226,'666.76',4),
	(3227,'913.55',49),
	(3228,'510.13',43),
	(3229,'661.17',48),
	(3230,'110.01',41),
	(3231,'195.85',21),
	(3232,'352.82',18),
	(3233,'143.66',13),
	(3234,'703.89',10),
	(3235,'237.56',34),
	(3236,'677.98',6),
	(3237,'458.71',3),
	(3238,'490.15',41),
	(3239,'564.94',26),
	(3240,'933.62',5),
	(3241,'388.53',35),
	(3242,'932.13',35),
	(3243,'585.83',22),
	(3244,'558.26',32),
	(3245,'592.73',17),
	(3246,'357.33',2),
	(3247,'298.68',44),
	(3248,'381.82',17),
	(3249,'589.37',8),
	(3250,'142.09',2),
	(3251,'428.11',37),
	(3252,'371.75',24),
	(3253,'918.17',14),
	(3254,'605.50',38),
	(3255,'710.75',45),
	(3256,'692.30',44),
	(3257,'986.02',36),
	(3258,'437.50',3),
	(3259,'537.14',22),
	(3260,'929.92',32),
	(3261,'255.06',38),
	(3262,'255.31',22),
	(3263,'995.48',39),
	(3264,'526.01',25),
	(3265,'186.02',33),
	(3266,'417.62',46),
	(3267,'635.42',3),
	(3268,'413.42',28),
	(3269,'421.81',44),
	(3270,'461.56',22),
	(3271,'413.63',31),
	(3272,'139.32',50),
	(3273,'972.52',46),
	(3274,'277.17',26),
	(3275,'576.35',27),
	(3276,'584.82',20),
	(3277,'584.99',50),
	(3278,'489.96',22),
	(3279,'762.52',14),
	(3280,'431.42',50),
	(3281,'933.56',3),
	(3282,'510.58',16),
	(3283,'252.35',15),
	(3284,'434.30',5),
	(3285,'102.01',3),
	(3286,'749.27',13),
	(3287,'328.73',30),
	(3288,'267.43',48),
	(3289,'459.42',22),
	(3290,'630.57',15),
	(3291,'199.83',17),
	(3292,'370.03',15),
	(3293,'832.68',1),
	(3294,'360.43',12),
	(3295,'526.20',30),
	(3296,'988.37',18),
	(3297,'899.01',43),
	(3298,'336.68',39),
	(3299,'101.72',3),
	(3300,'133.49',8),
	(3301,'552.08',9),
	(3302,'137.08',30),
	(3303,'998.39',1),
	(3304,'911.18',41),
	(3305,'584.88',48),
	(3306,'187.78',26),
	(3307,'703.36',18),
	(3308,'794.83',18),
	(3309,'825.36',18),
	(3310,'771.85',9),
	(3311,'585.08',3),
	(3312,'427.66',45),
	(3313,'986.59',4),
	(3314,'287.85',34),
	(3315,'401.71',19),
	(3316,'977.01',28),
	(3317,'881.44',16),
	(3318,'857.40',32),
	(3319,'710.57',30),
	(3320,'818.96',11),
	(3321,'896.44',32),
	(3322,'647.82',46),
	(3323,'960.76',22),
	(3324,'238.42',6),
	(3325,'411.05',49),
	(3326,'142.00',25),
	(3327,'571.60',6),
	(3328,'546.68',34),
	(3329,'685.93',35),
	(3330,'486.21',50),
	(3331,'447.85',42),
	(3332,'968.24',45),
	(3333,'113.43',18),
	(3334,'736.95',2),
	(3335,'802.83',21),
	(3336,'599.22',38),
	(3337,'192.80',50),
	(3338,'399.05',9),
	(3339,'771.90',33),
	(3340,'912.66',17),
	(3341,'556.70',2),
	(3342,'332.57',27),
	(3343,'267.82',36),
	(3344,'344.21',29),
	(3345,'502.06',12),
	(3346,'477.91',47),
	(3347,'263.72',6),
	(3348,'555.18',40),
	(3349,'282.89',29),
	(3350,'120.17',26),
	(3351,'207.30',38),
	(3352,'309.10',44),
	(3353,'366.04',45),
	(3354,'318.56',11),
	(3355,'561.57',3),
	(3356,'727.92',20),
	(3357,'337.67',31),
	(3358,'891.00',11),
	(3359,'258.24',11),
	(3360,'607.34',44),
	(3361,'360.00',19),
	(3362,'409.86',11),
	(3363,'745.73',46),
	(3364,'814.01',38),
	(3365,'115.85',35),
	(3366,'393.78',42),
	(3367,'427.18',27),
	(3368,'799.23',22),
	(3369,'453.45',26),
	(3370,'227.23',6),
	(3371,'780.62',34),
	(3372,'847.92',2),
	(3373,'760.54',11),
	(3374,'442.13',33),
	(3375,'220.44',44),
	(3376,'999.81',34),
	(3377,'401.60',1),
	(3378,'328.85',10),
	(3379,'472.93',22),
	(3380,'751.41',39),
	(3381,'547.99',44),
	(3382,'738.98',36),
	(3383,'623.50',29),
	(3384,'556.77',50),
	(3385,'622.20',47),
	(3386,'145.93',7),
	(3387,'728.80',44),
	(3388,'870.48',23),
	(3389,'540.36',26),
	(3390,'296.38',30),
	(3391,'904.12',38),
	(3392,'649.00',34),
	(3393,'586.84',13),
	(3394,'473.79',17),
	(3395,'247.26',31),
	(3396,'810.00',30),
	(3397,'554.45',3),
	(3398,'669.64',11),
	(3399,'862.83',5);

--INSERTS de la tabla Clave_Libro
INSERT INTO Clave_Libro (clave,titulo) 
VALUES (3000,'metus. In'),
	(3001,'euismod mauris eu'),
	(3002,'mattis. Integer'),
	(3003,'Sed'),
	(3004,'Donec'),
	(3005,'mi enim,'),
	(3006,'tortor,'),
	(3007,'neque'),
	(3008,'Cras'),
	(3009,'purus, in molestie'),
	(3010,'nunc'),
	(3011,'volutpat. Nulla'),
	(3012,'sapien. Nunc pulvinar'),
	(3013,'orci'),
	(3014,'non justo.'),
	(3015,'semper'),
	(3016,'eget varius ultrices,'),
	(3017,'hendrerit neque. In'),
	(3018,'amet,'),(3019,'ante'),
	(3020,'orci luctus et'),
	(3021,'dapibus'),
	(3022,'eget'),
	(3023,'Cras lorem lorem,'),
	(3024,'auctor'),
	(3025,'auctor non,'),
	(3026,'lectus'),
	(3027,'egestas. Sed pharetra,'),
	(3028,'Phasellus in'),
	(3029,'elit, pretium et,'),
	(3030,'et ipsum cursus'),
	(3031,'adipiscing elit. Curabitur'),
	(3032,'elit, dictum'),
	(3033,'eu, ultrices sit'),
	(3034,'dolor egestas rhoncus.'),
	(3035,'posuere'),
	(3036,'vel pede'),
	(3037,'metus.'),
	(3038,'ipsum primis'),
	(3039,'eu dolor'),
	(3040,'Nullam ut nisi'),
	(3041,'vitae'),
	(3042,'nascetur ridiculus'),
	(3043,'lobortis'),
	(3044,'Maecenas malesuada fringilla'),
	(3045,'habitant morbi tristique'),
	(3046,'In'),
	(3047,'Duis a'),
	(3048,'tempus scelerisque,'),
	(3049,'Duis'),
	(3050,'Donec nibh.'),
	(3051,'velit eu sem.'),
	(3052,'ut eros non'),
	(3053,'feugiat.'),
	(3054,'in aliquet'),
	(3055,'ipsum. Phasellus vitae'),
	(3056,'In'),
	(3057,'rhoncus. Proin nisl'),
	(3058,'mollis'),
	(3059,'nec'),
	(3060,'suscipit, est ac'),
	(3061,'et, lacinia vitae,'),
	(3062,'velit. Quisque'),
	(3063,'semper'),
	(3064,'ipsum'),
	(3065,'enim'),
	(3066,'id, mollis'),
	(3067,'et, magna.'),
	(3068,'eget odio.'),
	(3069,'lorem lorem, luctus'),
	(3070,'Duis gravida.'),
	(3071,'accumsan sed,'),
	(3072,'non ante bibendum'),
	(3073,'Cras dictum ultricies'),
	(3074,'augue'),
	(3075,'et, commodo'),
	(3076,'imperdiet nec,'),
	(3077,'lacus pede'),
	(3078,'montes, nascetur'),
	(3079,'eu metus.'),
	(3080,'Vestibulum ut eros'),
	(3081,'mattis velit'),
	(3082,'Sed eu'),
	(3083,'ipsum. Suspendisse sagittis.'),
	(3084,'felis'),
	(3085,'velit'),
	(3086,'orci tincidunt adipiscing.'),
	(3087,'eu'),
	(3088,'dapibus ligula. Aliquam'),
	(3089,'ac arcu. Nunc'),
	(3090,'feugiat tellus lorem'),
	(3091,'odio'),
	(3092,'Fusce feugiat.'),
	(3093,'porttitor tellus non'),
	(3094,'tincidunt, nunc'),
	(3095,'odio. Etiam ligula'),
	(3096,'dui. Fusce'),
	(3097,'ut, nulla. Cras'),
	(3098,'eros nec'),
	(3099,'enim mi');

-- INSERTS para la tabla Libro.
INSERT INTO Libro (titulo, editorial,autor,pais,anio, tema) 
VALUES ('metus. In','Mauris','Middleton, Evangeline P.','Liberia',1997,'aliquam eros'),
	('euismod mauris eu','molestie','Vang, Kelly S.','United States',1998,'vel quam'),
	('mattis. Integer', 'consectetuer','Mccarty, Erin T.','Isle of Man',1999,'vulputate velit'),
	('Sed', 'arcu.','Collier, William W.','Vanuatu',2000,'Aenean gravida'),
	('Donec','dictum','Sargent, Bree U.','Macedonia',2001,'tortor at'),
	('mi enim,','ultrices.','Hale, Malcolm X.','Tajikistan',2002,'imperdiet ullamcorper.'),
	('tortor','sagittis','Petersen, Joy N.','Saint Martin',2003,'mollis dui,'),
	('neque','non','Snow, Malcolm P.','Turkmenistan',2004,'nec, leo.'),
	('Cras','Sed','Townsend, Ronan Q.','Uganda',2005,'sodales elit'),
	('purus, in molestie','Vestibulum','Bryan, Hayes S.','French Guiana',2006,'dictum eu,'),
	('nunc','Mauris','Potter, Zoe W.','Austria',2007,'Praesent eu'),
	('volutpat. Null','nec,','Daniels, Aline C.','Mauritania',2008,'Phasellus dapibus'),
	('sapien. Nunc pulvinar','ultrices,','Hayes, Raja P.','Jordan',2009,'nisi. Cum'),
	('orci','Vestibulum','Key, Ferdinand J.','Sint Maarten',2010,'aliquet molestie'),
	('non justo.','vitae','Pittman, Samantha I.','Palau',2011,'Morbi metus.'),
	('semper','ante,','Henson, Tamara C.','Bosnia and Herzegovina',2012,'ligula. Aenean'),
	('eget varius ultices','sed','Foreman, Moana E.','Greenland',2013,'Integer urna.'),
	('hendrerit, neque. In','mi','Robinson, Jin T.','Heard Island and Mcdonald Islands',2014,'ligula. Aliquam'),
	('amet, ','tellus','Francis, Reese S.','Gibraltar',2015,'lobortis quis,'),
	('orci luctus et','ridiculus','Lee, Quon B.','Bhutan',2014,'risus a'),
	('dapibus','est.','Oneill, Brenna O.','Venezuela',2013,'tortor at'),
	('eget','sed','Beasley, Macy Q.','Georgia',2012,'erat semper'),
	('Cras lorem lorem,','lorem','Ramsey, Forrest A.','Iceland',2011,'eu, accumsan'),
	('auctor','gravida','Guy, Brynn K.','Congo, the Democratic Republic of the',2010,'quis arcu'),
	('auctor non,','elit,','Smith, Grace W.','Malta',2009,'vitae erat'),
	('lectus','ornare,','Bishop, Ray H.','Equatorial Guinea',2008,'mollis lectus'),
	('engestas. Set pharetra,','eget','Stevens, Paula E.','Sudan',2007,'ut ipsum'),
	('Phasellus in','sem','Hurley, Hammett E.','Afghanistan',2006,'non, luctus'),
	('elit, pretium et,','Fusce','Foster, Caldwell C.','Mexico',2005,'imperdiet non,'),
	('et ipsum cursus','mollis','Chavez, Sawyer R.','El Salvador',2004,'magna, malesuada'),
	('adipiscing elit. Curabitur','non,','Rogers, Stuart R.','Northern Mariana Islands',2003,'sollicitudin a,'),
	('elit, dictum','mus.','Larsen, Clinton L.','Israel',2002,'eu, ultrices'),
	('eu, ultrices sit','odio','Conway, Thomas O.','United States Minor Outlying Islands',2001,'lorem ac'),
	('dolor, egestas rhoncus','sodales.','Tyler, Harriet X.','Cayman Islands',2000,'facilisis. Suspendisse'),
	('posuere','Quisque','Calderon, Cora E.','Ghana',1999,'a feugiat'),
	('vel pede','Integer','Oneal, Tarik V.','Estonia',1997,'adipiscing elit.'),
	('metus.','nulla.','Tran, Wynter K.','Northern Mariana Islands',1996,'suscipit, est'),
	('ipsum primis','Cras','Shepherd, Zoe F.','Solomon Islands',1995,'non, cursus'),
	('eu dolor','ut,','Nunez, Eleanor C.','Mauritania',1994,'urna. Nullam'),
	('Nullam ut nisi','in,','Molina, Hashim D.','Dominican Republic',1993,'vulputate, risus'),
	('vitae','in','Pierce, Cora B.','Dominica',1994,'hendrerit neque.'),
	('nascetur ridiculus','imperdiet','Bryan, Wyoming F.','Latvia',1995,'egestas blandit.'),
	('lobortis','sed','Suarez, Hilda S.','Guadeloupe',1996,'amet, risus.'),
	('Mecenas malesuada fringilla','odio.','King, Thaddeus E.','Spain',1997,'Pellentesque habitant'),
	('habitant morbi tristique','vel,','Barry, Nathan L.','Saudi Arabia',1998,'facilisi. Sed'),
	('In','tempus','Wolfe, Kylan D.','Saint Kitts and Nevis',1999,'eu tellus'),
	('Duis a','tempus','Patton, Chastity Q.','Moldova',2000,'Mauris nulla.'),
	('tempus scelerisque','erat','Frye, Kiara B.','Guadeloupe',2001,'at, libero.'),
	('Duis','non','Cabrera, Macon T.','Bosnia and Herzegovina',2002,'erat vel'),
	('Donec nibh','Sed','Maddox, Guinevere K.','Palestine, State of',2003,'elit, pretium'),
	('velit eu sem.','erat','Guy, Adena S.','Benin',2004,'egestas. Aliquam'),
	('ut eros non','pretium','Noble, Craig U.','Nicaragua',2005,'molestie arcu.'),
	('feugiat','adipiscing','Wise, Neil T.','Puerto Rico',2006,'dolor. Fusce'),
	('in aliquet','tempor','Wiley, Kylie C.','Guinea',2007,'amet, risus.'),
	('ipsum. Phasellus vitae','Aliquam','Larsen, Jameson M.','Gabon',2008,'adipiscing non,'),
	('Ina','elit.','Frye, Lavinia X.','Montserrat',2009,'Sed auctor'),
	('rhoncus. Proin nisl','euismod','Long, Buffy C.','Nigeria',2010,'Lorem ipsum'),
	('mollis','vitae,','Frank, Mia U.','United States Minor Outlying Islands',2011,'est, vitae'),
	('nec','Duis','Hall, Slade E.','Mauritania',2012,'sed, facilisis'),
	('suscipit, est ac','non','Winters, Dominic L.','Yemen',2013,'Proin vel'),
	('et, lacinia vitae','Proin','Campos, Xerxes P.','Jordan',2014,'ac mattis'),
	('velit. Quisque','sit','Cohen, Portia J.','Armenia',2015,'sed pede'),
	('sempera','nunc','Sandoval, Claudia D.','Côte D''Ivoire (Ivory Coast)',2014,'facilisis, magna'),
	('ipsum','lorem','Mckinney, Berk N.','Estonia',2013,'dui. Fusce'),
	('enim','elit.','Pollard, Joelle Y.','Montserrat',2012,'ac tellus.'),
	('id, mollis','Vivamus','Hines, Chastity V.','Belarus',2011,'consectetuer adipiscing'),
	('et, magna','commodo','Kidd, Guy X.','Palestine, State of',2010,'orci lobortis'),
	('eget odio.','dis','Mcfarland, Jordan P.','Martinique',2009,'Sed malesuada'),
	('lorem lorem, luctus','dis','Castaneda, Nadine X.','Guadeloupe',2008,'vel quam'),
	('Duis gravida.','orci','Hall, Irma K.','Peru',2007,'Nulla facilisis.'),
	('accumsan sed,','mauris','Hunter, Kareem Z.','Australia',2006,'cubilia Curae;'),
	('non ante bibendum','eu','Dale, Wylie N.','Luxembourg',2005,'pharetra sed,'),
	('augue','Donec','Doyle, Teagan O.','Greenland',2004,'vel, faucibus'),
	('et, commodo','imperdiet,','Barber, Upton Q.','Korea, South',2003,'tincidunt nibh.'),
	('imperdiet nec,','nec','Waller, Eric W.','Mexico',2002,'urna suscipit'),
	('lacus pede','quam.','Bradford, Xaviera O.','Tajikistan',2001,'risus. Duis'),
	('montes, nascetur,','imperdiet','Monroe, Perry W.','Austria',2000,'cursus a,'),
	('eu metus','Donec','Warner, Camden E.','Marshall Islands',1999,'enim diam'),
	('Vestibulum ut ero','Duis','Ortiz, Bertha Z.','Belgium',1998,'adipiscing, enim'),
	('mattis velit','Curabitur','Farrell, Yael X.','New Caledonia',1997,'malesuada ut,'),
	('Sed eu','Proin','Conrad, Zenia E.','Peru',1996,'quis lectus.'),
	('ipsum. Suspendisse sagittis','Duis','Barr, Keely X.','Honduras',1995, 'ante. Nunc'),
	('felis','ipsum','Richard, Adrienne B.','Guinea-Bissau', 1994,'dui. Fusce'),
	('velit','est,','Ballard, Karleigh X.','Algeria',1993,'velit justo'),
	('orci tincidunt adipiscing','tempus','Herman, Vance G.','Ecuador',1994,'non, bibendum'),
	('eu','non','Armstrong, Idona Y.','Slovenia',1995,'risus. Morbi'),
	('dapibus ligula. Aliquam','justo.','Keller, Brenden D.','French Guiana',1996,'tellus non'),
	('ac arcu. Nunc','quis,','Rojas, Lisandra S.','Niue',1997,'Morbi non'),
	('feugiat tellus lorem','a','Anderson, Moses Z.','Madagascar',1998,'vulputate mauris'),
	('odio','a,','Blevins, Cathleen B.','Bahrain',1999,'velit dui,'),
	('Fusce feugiat','Donec','Owens, Rashad V.','Turkey',2000,'nisi magna'),
	('porttitor tellus non','iaculis,','Nash, Ezekiel A.','Mali',2001,'montes, nascetur'),
	('tincidunt, nunc','fringilla','Mcclain, Scarlet U.','Åland Islands',2002,'pede ac'),
	('odio. Etiam ligula','Ut','Middleton, Tana R.','New Zealand',2003,'ornare tortor'),
	('dui. Fusce','Nulla','Barber, Sylvester J.','United States',2004,'ultrices. Duis'),
	('ut, nulla. Cras','sit','Wilkins, Jael C.','Myanmar',2005,'metus eu'),
	('eros nec','sagittis','Boone, Dorian X.','Egypt',2006,'malesuada id,'),
	('enim mi','elementum,','Mcleod, Daquan E.','Guam',2007,'purus. Duis'),
	('anam mo','pede','Huff, Vincent H.','Kyrgyzstan',2008,'amet lorem'),
	('perdi el juego','at,','Bruce, Ishmael K.','Spain',2009,'ipsum cursus');

--INSERTS para la tabla Disco.
INSERT INTO Clave_Disco (clave, nombre_disco) 
VALUES (3100,'erat eget ipsum.'),
	(3101,'consequat'),
    (3102,'Maecenas iaculis aliquet'),
    (3103,'sit amet, consectetuer'),
    (3104,'Aenean gravida nunc'),
    (3105,'in'),
    (3106,'primis in faucibus'),
    (3107,'Curabitur sed'),
    (3108,'pede.'),
    (3109,'Donec luctus aliquet'),
    (3110,'risus a ultricies'),
    (3111,'quis'),
    (3112,'ac urna. Ut'),
    (3113,'turpis egestas. Fusce'),
    (3114,'Cras'),
    (3115,'netus et'),
    (3116,'Morbi accumsan laoreet'),
    (3117,'sapien, cursus in,'),
    (3118,'ultricies'),
    (3119,'dapibus gravida.'),
    (3120,'ante'),
    (3121,'Donec consectetuer'),
    (3122,'placerat,'),
    (3123,'fermentum'),
    (3124,'at'),
    (3125,'venenatis'),
    (3126,'rutrum.'),
    (3127,'Mauris nulla. Integer'),
    (3128,'Cras'),
    (3129,'magnis'),
    (3130,'ipsum primis in'),
    (3131,'vitae'),
    (3132,'nisi.'),
    (3133,'adipiscing elit. Curabitur'),
    (3134,'Nullam vitae'),
    (3135,'dictum'),
    (3136,'Phasellus libero'),
    (3137,'tincidunt'),
    (3138,'purus.'),
    (3139,'lectus'),
    (3140,'tristique'),
    (3141,'sem ut dolor'),
    (3142,'odio. Nam interdum'),
    (3143,'sed libero. Proin'),
    (3144,'Nunc ac sem'),
    (3145,'eu, placerat eget,'),
    (3146,'sit'),
    (3147,'vulputate'),
    (3148,'Fusce'),
    (3149,'ipsum dolor sit'),
    (3150,'egestas. Aliquam'),
    (3151,'elit, pharetra ut,'),
    (3152,'Suspendisse'),
    (3153,'Nulla facilisi.'),
    (3154,'velit dui, semper'),
    (3155,'turpis. Nulla'),
    (3156,'fringilla ornare'),
    (3157,'dolor'),
    (3158,'sapien,'),
    (3159,'sed,'),
    (3160,'accumsan'),
    (3161,'leo elementum'),
    (3162,'erat,'),
    (3163,'nulla vulputate'),
    (3164,'sed turpis nec'),
    (3165,'quam'),
    (3166,'vestibulum massa'),
    (3167,'velit. Cras lorem'),
    (3168,'per conubia'),
    (3169,'sodales'),
    (3170,'at sem'),
    (3171,'arcu. Aliquam ultrices'),
    (3172,'quis lectus.'),
    (3173,'Etiam vestibulum massa'),
    (3174,'molestie dapibus ligula.'),
    (3175,'mi fringilla mi'),
    (3176,'risus'),
    (3177,'eget, venenatis a,'),
    (3178,'et magnis dis'),
    (3179,'lobortis'),
    (3180,'in molestie'),
    (3181,'vulputate'),
    (3182,'magnis dis'),
    (3183,'arcu. Morbi'),
    (3184,'non,'),
    (3185,'tortor'),
    (3186,'rutrum non, hendrerit'),
    (3187,'aliquam'),
    (3188,'Sed id risus'),
    (3189,'elit'),
    (3190,'Quisque purus'),
    (3191,'dictum. Proin'),
    (3192,'purus, in molestie'),
    (3193,'rhoncus.'),
    (3194,'in, dolor.'),
    (3195,'nisi sem'),
    (3196,'ipsum cursus'),
    (3197,'in'),
    (3198,'imperdiet, erat'),
    (3199,'auctor'),
    (3200,'mi'),
    (3201,'Sednulla'),
    (3202,'Classaptent'),
    (3203,'magnaaneque.'),
    (3204,'vitaealiquameros'),
    (3205,'turpis'),
    (3206,'aliquet'),
    (3207,'fermentum'),
    (3208,'ultricesiaculis'),
    (3209,'semelit,'),
    (3210,'blanditcongue.In'),
    (3211,'euismodestarcu'),
    (3212,'eget'),
    (3213,'Mauris'),
    (3214,'hymenaeos.Mauris'),
    (3215,'sociisnatoque'),
    (3216,'dolorsitamet,'),
    (3217,'libero.Donecconsectetuer'),
    (3218,'purus.'),
    (3219,'Ut'),
    (3220,'Integermollis.Integer'),
    (3221,'luctus,ipsum'),
    (3222,'Aeneanegestas'),
    (3223,'milaciniamattis.'),
    (3224,'Curabitur'),
    (3225,'ornare,elit'),
    (3226,'nasceturridiculusmus.'),
    (3227,'semperrutrum.Fusce'),
    (3228,'Nullatincidunt,'),
    (3229,'Sed'),
    (3230,'ipsumdolor'),
    (3231,'eleifendvitae,erat.'),
    (3232,'facilisis,magna'),
    (3233,'turpis.Nulla'),
    (3234,'purus'),
    (3235,'mauris.'),
    (3236,'nisi.'),
    (3237,'turpis.'),
    (3238,'Nullam'),
    (3239,'Sedeu'),
    (3240,'magnatellus'),
    (3241,'Nulla'),
    (3242,'enim.'),
    (3243,'molestieorci'),
    (3244,'diam'),
    (3245,'consectetueradipiscingelit.'),
    (3246,'ornare.'),
    (3247,'Nullamut'),
    (3248,'disparturient'),
    (3249,'pede.Suspendisse'),
    (3250,'sem'),
    (3251,'volutpat.Nulla'),
    (3252,'atsemmolestie'),
    (3253,'bibendumsed,est.'),
    (3254,'lobortis'),
    (3255,'Pellentesque'),
    (3256,'Sedauctorodio'),
    (3257,'ultriciesornare,'),
    (3258,'sem.Nulla'),
    (3259,'elementumat,egestas'),
    (3260,'lorem'),
    (3261,'acorci.'),
    (3262,'nectellus.Nunc'),
    (3263,'ultrices,mauris'),
    (3264,'euismodurna.Nullam'),
    (3265,'dolor'),
    (3266,'quam,'),
    (3267,'eleifendnon,dapibus'),
    (3268,'sodales.Maurisblandit'),
    (3269,'antebibendum'),
    (3270,'porttitorinterdum.Sed'),
    (3271,'elementum'),
    (3272,'a'),
    (3273,'dictum'),
    (3274,'urna.Nullamlobortis'),
    (3275,'risus.'),
    (3276,'Nullaeget'),
    (3277,'eu,euismodac,'),
    (3278,'ligula'),
    (3279,'lacus.'),
    (3280,'luctusvulputate,'),
    (3281,'in,dolor.'),
    (3282,'ridiculusmus.Donec'),
    (3283,'id,'),
    (3284,'nibhvulputatemauris'),
    (3285,'ipsum'),
    (3286,'lorem,egetmollis'),
    (3287,'et,eros.'),
    (3288,'in'),
    (3289,'gravida.Praesenteu'),
    (3290,'adipiscing,'),
    (3291,'nuncacmattis'),
    (3292,'a,'),
    (3293,'metus.Aliquam'),
    (3294,'elit,pellentesquea,'),
    (3295,'pharetra.'),
    (3296,'ipsum.Phasellus'),
    (3297,'risus.Nuncac'),
    (3298,'porta'),
    (3299,'dui,semper'),
    (3300,'fames'),
    (3301,'et,rutrumnon,'),
    (3302,'luctus.Curabituregestas'),
    (3303,'dui.Cum'),
    (3304,'ac,eleifendvitae,'),
    (3305,'ullamcorpermagna.'),
    (3306,'Donecvitae'),
    (3307,'aliquetmagnaa'),
    (3308,'Nuncacsem'),
    (3309,'ipsum'),
    (3310,'semmagna'),
    (3311,'ante,'),
    (3312,'elit,dictumeu,'),
    (3313,'tortor.'),
    (3314,'ametornare'),
    (3315,'nibh'),
    (3316,'molestiesodales.'),
    (3317,'tristiquesenectuset'),
    (3318,'Duis'),
    (3319,'non,lobortisquis,'),
    (3320,'mi'),
    (3321,'ornare.Fuscemollis.'),
    (3322,'neque'),
    (3323,'ac,'),
    (3324,'sitamet'),
    (3325,'Etiamligula'),
    (3326,'Utsagittislobortis'),
    (3327,'congue'),
    (3328,'vitae'),
    (3329,'pede.Suspendisse'),
    (3330,'Morbiaccumsan'),
    (3331,'liberoest,congue'),
    (3332,'at,'),
    (3333,'sit'),
    (3334,'dui.'),
    (3335,'risus.Donecegestas.'),
    (3336,'aliquetmolestietellus.'),
    (3337,'idenim.'),
    (3338,'dolor'),
    (3339,'mollisnon,'),
    (3340,'lorem'),
    (3341,'inceptoshymenaeos.Mauris'),
    (3342,'dolorsit'),
    (3343,'Cras'),
    (3344,'odio.Aliquamvulputate'),
    (3345,'dictum'),
    (3346,'dictum'),
    (3347,'non'),
    (3348,'ultriciesadipiscing,'),
    (3349,'urna.Vivamusmolestie'),
    (3350,'mauris,'),
    (3351,'sollicitudincommodoipsum.'),
    (3352,'libero.Morbi'),
    (3353,'Curabituregestas'),
    (3354,'enim.Maurisquis'),
    (3355,'In'),
    (3356,'antelectusconvallis'),
    (3357,'ornare,elitelit'),
    (3358,'Etiam'),
    (3359,'neque.Inornare'),
    (3360,'acturpis'),
    (3361,'mus.'),
    (3362,'mauris,'),
    (3363,'dolor.'),
    (3364,'Uttinciduntorci'),
    (3365,'Maurisvestibulum,neque'),
    (3366,'Mauris'),
    (3367,'interdum.Curabiturdictum.'),
    (3368,'nuncrisus'),
    (3369,'elementum,'),
    (3370,'cursuset,eros.'),
    (3371,'ultrices.'),
    (3372,'Duisgravida.Praesent'),
    (3373,'quis,pede.'),
    (3374,'pede,'),
    (3375,'Aliquamnisl.Nulla'),
    (3376,'inconsectetueripsum'),
    (3377,'nec'),
    (3378,'mifelis,adipiscing'),
    (3379,'bibendum.Donec'),
    (3380,'Maecenasiaculisaliquet'),
    (3381,'vel'),
    (3382,'euismodestarcu'),
    (3383,'nislelementumpurus,'),
    (3384,'velit.Aliquam'),
    (3385,'semut'),
    (3386,'nisimagna'),
    (3387,'accumsansed,facilisis'),
    (3388,'eu,'),
    (3389,'perinceptos'),
    (3390,'adipiscingnon,luctus'),
    (3391,'eudui.Cum'),
    (3392,'convallis,antelectus'),
    (3393,'Mauris'),
    (3394,'vitae,'),
    (3395,'volutpatornare,facilisis'),
    (3396,'laoreet,'),
    (3397,'risus.Donec'),
    (3398,'imperdietdictummagna.'),
    (3399,'utodiovel');

--INSERTS de Disco
INSERT INTO Disco (nombre_disco, anio)
VALUES ('mi',1999),
    ('Sednulla',1999),
    ('Classaptent',2001),
    ('magnaaneque.',2009),
    ('vitaealiquameros',2011),
    ('turpis',1997),
    ('aliquet',1998),
    ('fermentum',2015),
    ('ultricesiaculis',2015),
    ('semelit,',1997),
    ('blanditcongue.In',2003),
    ('euismodestarcu',2001),
    ('eget',1999),
    ('Mauris',2006),
    ('hymenaeos.Mauris',1998),
    ('sociisnatoque',1999),
    ('dolorsitamet,',2007),
    ('libero.Donecconsectetuer',2002),
    ('purus.',1997),
    ('Ut',1994),
    ('Integermollis.Integer',2013),
    ('luctus,ipsum',2002),
    ('Aeneanegestas',2003),
    ('milaciniamattis.',1993),
    ('Curabitur',2003),
    ('ornare,elit',2003),
    ('nasceturridiculusmus.',2009),
    ('semperrutrum.Fusce',2011),
    ('Nullatincidunt,',2008),
    ('Sed',1997),
    ('ipsumdolor',2000),
    ('eleifendvitae,erat.',1995),
    ('facilisis,magna',2001),
    ('turpis.Nulla',1994),
    ('purus',1993),
    ('mauris.',2014),
    ('nisi.',1996),
    ('turpis.',2012),
    ('Nullam',2001),
    ('Sedeu',1999),
    ('magnatellus',2009),
    ('Nulla',2013),
    ('enim.',1994),
    ('molestieorci',2009),
    ('diam',2000),
    ('consectetueradipiscingelit.',2012),
    ('ornare.',2011),
    ('Nullamut',2007),
    ('disparturient',2003),
    ('pede.Suspendisse',2001),
    ('sem',2013),
    ('volutpat.Nulla',2013),
    ('atsemmolestie',2015),
    ('bibendumsed,est.',2013),
    ('lobortis',2015),
    ('Pellentesque',2006),
    ('Sedauctorodio',2002),
    ('ultriciesornare,',2007),
    ('sem.Nulla',2000),
    ('elementumat,egestas',2015),
    ('lorem',1998),
    ('acorci.',1999),
    ('nectellus.Nunc',2010),
    ('ultrices,mauris',2009),
    ('euismodurna.Nullam',1998),
    ('dolor',2007),
    ('quam,',2013),
    ('eleifendnon,dapibus',1996),
    ('sodales.Maurisblandit',2008),
    ('antebibendum',1999),
    ('porttitorinterdum.Sed',2011),
    ('elementum',2003),
    ('a',2013),
    ('dictum',2013),
    ('urna.Nullamlobortis',1995),
    ('risus.',2014),
    ('Nullaeget',2009),
    ('eu,euismodac,',1999),
    ('ligula',2006),
    ('lacus.',2002),
    ('luctusvulputate,',2000),
    ('in,dolor.',2012),
    ('ridiculusmus.Donec',2002),
    ('id,',2007),
    ('nibhvulputatemauris',1996),
    ('ipsum',1998),
    ('lorem,egetmollis',2004),
    ('et,eros.',2010),
    ('in',2013),
    ('gravida.Praesenteu',2004),
    ('adipiscing,',2012),
    ('nuncacmattis',1996),
    ('a,',2009),
    ('metus.Aliquam',2012),
    ('elit,pellentesquea,',2006),
    ('pharetra.',2003),
    ('ipsum.Phasellus',2014),
    ('risus.Nuncac',2015),
    ('porta',2013),
    ('dui,semper',1997),
    ('fames',1998),
    ('et,rutrumnon,',1999),
    ('luctus.Curabituregestas',2001),
    ('dui.Cum',2013),
    ('ac,eleifendvitae,',2014),
    ('ullamcorpermagna.',2012),
    ('Donecvitae',2012),
    ('aliquetmagnaa',2008),
    ('Nuncacsem',2014),
    ('ipsuma',2006),
    ('semmagna',2007),
    ('ante,',2004),
    ('elit,dictumeu,',2008),
    ('tortor.',2008),
    ('ametornare',2007),
    ('nibh',1996),
    ('molestiesodales.',2015),
    ('tristiquesenectuset',2014),
    ('Duis',2003),
    ('non,lobortisquis,',2004),
    ('mia',1995),
    ('ornare.Fuscemollis.',2011),
    ('neque',2010),
    ('ac,',2012),
    ('sitamet',2014),
    ('Etiamligula',2004),
    ('Utsagittislobortis',1996),
    ('congue',2004),
    ('vitae',2012),
    ('pede.Suspendissea',2008),
    ('Morbiaccumsan',2009),
    ('liberoest,congue',1997),
    ('at,',1997),
    ('sit',2008),
    ('dui.',2007),
    ('risus.Donecegestas.',2000),
    ('aliquetmolestietellus.',2006),
    ('idenim.',1994),
    ('dolora',2008),
    ('mollisnon,',2002),
    ('lorema',2010),
    ('inceptoshymenaeos.Mauris',1994),
    ('dolorsit',1995),
    ('Cras',2003),
    ('odio.Aliquamvulputate',2008),
    ('dictuma',2000),
    ('dictumb',2003),
    ('non',2012),
    ('ultriciesadipiscing,',2001),
    ('urna.Vivamusmolestie',2002),
    ('mauris,',1994),
    ('sollicitudincommodoipsum.',2014),
    ('libero.Morbi',2006),
    ('Curabituregestas',2001),
    ('enim.Maurisquis',2015),
    ('Ina',2011),
    ('antelectusconvallis',2015),
    ('ornare,elitelit',1993),
    ('Etiam',1995),
    ('neque.Inornare',2000),
    ('acturpis',2011),
    ('mus.',1999),
    ('mauris,a',2007),
    ('dolor.',2012),
    ('Uttinciduntorci',1994),
    ('Maurisvestibulum,neque',2007),
    ('Maurisa',2011),
    ('interdum.Curabiturdictum.',2012),
    ('nuncrisus',1998),
    ('elementum,',2012),
    ('cursuset,eros.',2013),
    ('ultrices.',2003),
    ('Duisgravida.Praesent',2002),
    ('quis,pede.',2015),
    ('pede,',2005),
    ('Aliquamnisl.Nulla',2002),
    ('inconsectetueripsum',2012),
    ('nec',2006),
    ('mifelis,adipiscing',2001),
    ('bibendum.Donec',2011),
    ('Maecenasiaculisaliquet',2004),
    ('vel',2000),
    ('euismodestarcua',2004),
    ('nislelementumpurus,',1994),
    ('velit.Aliquam',2006),
    ('semut',2004),
    ('nisimagna',1997),
    ('accumsansed,facilisis',2003),
    ('eu,',1997),
    ('perinceptos',1994),
    ('adipiscingnon,luctus',2015),
    ('eudui.Cum',2004),
    ('convallis,antelectus',1998),
    ('Maurisb',2007),
    ('vitae,',2012),
    ('volutpatornare,facilisis',1994),
    ('laoreet,',2015),
    ('risus.Donec',2005),
    ('imperdietdictummagna.',2004),
    ('utodiovel',2006),
    ('erategetipsum.',2007),
    ('consequat',1999),
    ('Maecenasiaculisaliqueta',1998),
    ('sitamet,consectetuer',2003),
    ('Aeneangravidanunc',2006),
    ('inb',2013),
    ('primisinfaucibus',2002),
    ('Curabitursed',2003),
    ('pede.',1994),
    ('Donecluctusaliquet',2007),
    ('risusaultricies',2011),
    ('quis',2010),
    ('acurna.Ut',2000),
    ('turpisegestas.Fusce',2007),
    ('Crasa',2001),
    ('netuset',2002),
    ('Morbiaccumsanlaoreet',1994),
    ('sapien,cursusin,',2003),
    ('ultricies',2003),
    ('dapibusgravida.',2006),
    ('ante',2007),
    ('Donecconsectetuer',1995),
    ('placerat,',1993),
    ('fermentuma',1998),
    ('at',1996),
    ('venenatis',1998),
    ('rutrum.',1995),
    ('Maurisnulla.Integer',2008),
    ('Crasb',2001),
    ('magnis',1993),
    ('ipsumprimisin',2012),
    ('vitaea',1997),
    ('nisi.a',1995),
    ('adipiscingelit.Curabitur',2008),
    ('Nullamvitae',1994),
    ('dictumc',1993),
    ('Phaselluslibero',2005),
    ('tincidunt',1993),
    ('purus.a',2007),
    ('lectus',2001),
    ('tristique',2001),
    ('semutdolor',2010),
    ('odio.Naminterdum',2000),
    ('sedlibero.Proin',1998),
    ('Nuncacsema',1998),
    ('eu,placerateget,',1999),
    ('sita',2006),
    ('vulputate',1996),
    ('Fusce',2009),
    ('ipsumdolorsit',1997),
    ('egestas.Aliquam',2015),
    ('elit,pharetraut,',2013),
    ('Suspendisse',2001),
    ('Nullafacilisi.',1994),
    ('velitdui,semper',2011),
    ('turpis.Nullaa',1994),
    ('fringillaornare',2006),
    ('dolorb',2005),
    ('sapien,',2004),
    ('sed,',2001),
    ('accumsan',1997),
    ('leoelementum',2004),
    ('erat,',2012),
    ('nullavulputate',2009),
    ('sedturpisnec',1998),
    ('quam',1997),
    ('vestibulummassa',2013),
    ('velit.Craslorem',2004),
    ('perconubia',2012),
    ('sodales',2010),
    ('atsem',1999),
    ('arcu.Aliquamultrices',2015),
    ('quislectus.',2014),
    ('Etiamvestibulummassa',2010),
    ('molestiedapibusligula.',1996),
    ('mifringillami',2000),
    ('risus',2000),
    ('eget,venenatisa,',2001),
    ('etmagnisdis',1996),
    ('lobortisa',2000),
    ('inmolestie',2012),
    ('vulputatea',2005),
    ('magnisdis',2008),
    ('arcu.Morbi',1999),
    ('non,',2014),
    ('tortor',2013),
    ('rutrumnon,hendrerit',2005),
    ('aliquam',2000),
    ('Sedidrisus',2005),
    ('elit',1994),
    ('Quisquepurus',1997),
    ('dictum.Proin',2015),
    ('purus,inmolestie',2004),
    ('rhoncus.',1998),
    ('in,dolor.a',2003),
    ('nisisem',1998),
    ('ipsumcursus',1995),
    ('inc',1994),
    ('imperdiet,erat',2002),
    ('auctor',2009);

--INSERTS para Clave_Musica

INSERT INTO Clave_Musica (clave, interprete, pistas)
VALUES (3100,'Irwin,PhoebeZ.',10),
    (3101,'Beach,CaraV.',18),
    (3102,'Merritt,NolanN.',8),
    (3103,'Donaldson,EmilyX.',5),
    (3104,'Patterson,JannaB.',16),
    (3105,'Buck,ShadL.',19),
    (3106,'Byers,KarynQ.',20),
    (3107,'Guzman,JenetteB.',5),
    (3108,'Walter,SheaR.',19),
    (3109,'Sampson,CyrusC.',10),
    (3110,'Carroll,DawnY.',9),
    (3111,'Fisher,HayesD.',16),
    (3112,'Hooper,GaryH.',13),
    (3113,'Curry,ZaneQ.',6),
    (3114,'Alvarez,PalmerA.',15),
    (3115,'Rocha,BarryA.',20),
    (3116,'Chavez,KionaK.',17),
    (3117,'Nixon,CameranN.',14),
    (3118,'Mcknight,KnoxF.',6),
    (3119,'Parsons,AngelaX.',11),
    (3120,'Owens,AnikaN.',19),
    (3121,'Dawson,BrynneI.',13),
    (3122,'Hardy,LeighD.',7),
    (3123,'Nunez,LucyL.',7),
    (3124,'Cotton,JeromeJ.',12),
    (3125,'Gilmore,AllistairA.',17),
    (3126,'Massey,AuroraU.',14),
    (3127,'Burns,OctaviaV.',18),
    (3128,'Burns,EmersonE.',14),
    (3129,'Humphrey,JustineS.',19),
    (3130,'Bird,CooperM.',5),
    (3131,'Blackwell,CameranS.',15),
    (3132,'Mcfadden,UrielleK.',15),
    (3133,'Holder,AldenW.',8),
    (3134,'Ashley,QuincyP.',12),
    (3135,'Sawyer,JanaK.',9),
    (3136,'Parrish,JennaO.',11),
    (3137,'Bonner,RhiannonX.',9),
    (3138,'Hammond,WarrenV.',8),
    (3139,'Solomon,GregoryR.',13),
    (3140,'Koch,KareemN.',16),
    (3141,'Maynard,FullerH.',13),
    (3142,'Walls,RussellP.',7),
    (3143,'Maxwell,LilahI.',10),
    (3144,'Morse,IdolaE.',5),
    (3145,'Baldwin,VivienY.',18),
    (3146,'Peters,GuyN.',19),
    (3147,'Mueller,OdetteF.',15),
    (3148,'Shaw,EdenF.',11),
    (3149,'Hodges,AustinC.',8),
    (3150,'Landry,ToddF.',6),
    (3151,'Shaw,TashyaM.',11),
    (3152,'Lowe,AmeryA.',14),
    (3153,'Reed,AlyssaN.',16),
    (3154,'Duke,TeaganP.',18),
    (3155,'Maldonado,UmaW.',16),
    (3156,'Cummings,NomlangaR.',15),
    (3157,'Melton,JenniferX.',5),
    (3158,'Spence,LenoreV.',11),
    (3159,'Hendrix,KylynnJ.',10),
    (3160,'Wood,QuinI.',11),
    (3161,'Gallagher,PatriciaM.',6),
    (3162,'Schwartz,TashyaN.',16),
    (3163,'Hodges,DaiM.',11),
    (3164,'Sharpe,HollyK.',14),
    (3165,'Horton,UlricU.',5),
    (3166,'Long,AvramL.',8),
    (3167,'Henry,RigelY.',11),
    (3168,'Bates,DorothyA.',14),
    (3169,'Page,WynneG.',15),
    (3170,'Atkinson,OliverK.',18),
    (3171,'Jacobs,CarissaM.',16),
    (3172,'Austin,KevynM.',5),
    (3173,'Hoffman,IsabellaR.',10),
    (3174,'Garcia,GradyU.',10),
    (3175,'Short,OdessaM.',16),
    (3176,'Acosta,FarrahF.',9),
    (3177,'Rowe,ZoeX.',18),
    (3178,'Horn,MaggyZ.',5),
    (3179,'Pugh,HannahD.',20),
    (3180,'Garcia,JesseW.',13),
    (3181,'Burton,CarlosS.',13),
    (3182,'Carlson,KimberlyN.',10),
    (3183,'Gutierrez,GaryW.',11),
    (3184,'Weeks,MoanaD.',9),
    (3185,'Holcomb,MaryN.',6),
    (3186,'Dickson,IsabellaW.',11),
    (3187,'Sweeney,CelesteT.',19),
    (3188,'Simon,JeromeY.',9),
    (3189,'Hansen,KylanQ.',6),
    (3190,'Richards,MarisE.',11),
    (3191,'Gutierrez,LyleI.',12),
    (3192,'Pitts,JordenY.',9),
    (3193,'Santiago,HollyQ.',12),
    (3194,'Donovan,HeatherN.',8),
    (3195,'Delaney,ZenaidaE.',10),
    (3196,'Meyers,BarryS.',14),
    (3197,'Park,LindaB.',16),
    (3198,'Villarreal,SamuelA.',12),
    (3199,'Chen,YuliI.',15);

-- INSERTS para Musica
INSERT INTO Musica (interprete, genero)
VALUES ('Irwin,PhoebeZ.','eros'),
    ('Beach,CaraV.','non'),
    ('Merritt,NolanN.','at'),
    ('Donaldson,EmilyX.','eu'),
    ('Patterson,JannaB.','tellus'),
    ('Buck,ShadL.','tellus.'),
    ('Byers,KarynQ.','nec'),
    ('Guzman,JenetteB.','libero'),
    ('Walter,SheaR.','penatibus'),
    ('Sampson,CyrusC.','magnis'),
    ('Carroll,DawnY.','Aliquam'),
    ('Fisher,HayesD.','consectetuer'),
    ('Hooper,GaryH.','cursus'),
    ('Curry,ZaneQ.','Nam'),
    ('Alvarez,PalmerA.','et'),
    ('Rocha,BarryA.','Quisque'),
    ('Chavez,KionaK.','at,'),
    ('Nixon,CameranN.','sociis'),
    ('Mcknight,KnoxF.','quis'),
    ('Parsons,AngelaX.','eu'),
    ('Owens,AnikaN.','massa.'),
    ('Dawson,BrynneI.','turpis'),
    ('Hardy,LeighD.','purus.'),
    ('Nunez,LucyL.','mauris'),
    ('Cotton,JeromeJ.','Nam'),
    ('Gilmore,AllistairA.','Aliquam'),
    ('Massey,AuroraU.','tempus'),
    ('Burns,OctaviaV.','ornare.'),
    ('Burns,EmersonE.','sociosqu'),
    ('Humphrey,JustineS.','Phasellus'),
    ('Bird,CooperM.','metus.'),
    ('Blackwell,CameranS.','mollis'),
    ('Mcfadden,UrielleK.','Quisque'),
    ('Holder,AldenW.','cursus'),
    ('Ashley,QuincyP.','lorem'),
    ('Sawyer,JanaK.','mauris'),
    ('Parrish,JennaO.','gravida.'),
    ('Bonner,RhiannonX.','massa.'),
    ('Hammond,WarrenV.','lectus.'),
    ('Solomon,GregoryR.','ut'),
    ('Koch,KareemN.','Cum'),
    ('Maynard,FullerH.','eu'),
    ('Walls,RussellP.','nibh'),
    ('Maxwell,LilahI.','lectus'),
    ('Morse,IdolaE.','purus,'),
    ('Baldwin,VivienY.','Vestibulum'),
    ('Peters,GuyN.','auctor'),
    ('Mueller,OdetteF.','sociis'),
    ('Shaw,EdenF.','eu'),
    ('Hodges,AustinC.','nibh.'),
    ('Landry,ToddF.','orci'),
    ('Shaw,TashyaM.','cursus'),
    ('Lowe,AmeryA.','mauris'),
    ('Reed,AlyssaN.','montes,'),
    ('Duke,TeaganP.','egestas.'),
    ('Maldonado,UmaW.','arcu.'),
    ('Cummings,NomlangaR.','risus'),
    ('Melton,JenniferX.','euismod'),
    ('Spence,LenoreV.','non,'),
    ('Hendrix,KylynnJ.','nisl'),
    ('Wood,QuinI.','dolor'),
    ('Gallagher,PatriciaM.','vulputate,'),
    ('Schwartz,TashyaN.','eget,'),
    ('Hodges,DaiM.','at,'),
    ('Sharpe,HollyK.','et'),
    ('Horton,UlricU.','aptent'),
    ('Long,AvramL.','cubilia'),
    ('Henry,RigelY.','eleifend,'),
    ('Bates,DorothyA.','tincidunt'),
    ('Page,WynneG.','lacus'),
    ('Atkinson,OliverK.','Sed'),
    ('Jacobs,CarissaM.','penatibus'),
    ('Austin,KevynM.','egestas'),
    ('Hoffman,IsabellaR.','Nulla'),
    ('Garcia,GradyU.','leo'),
    ('Short,OdessaM.','fringilla'),
    ('Acosta,FarrahF.','Vivamus'),
    ('Rowe,ZoeX.','metus.'),
    ('Horn,MaggyZ.','molestie'),
    ('Pugh,HannahD.','Sed'),
    ('Garcia,JesseW.','Donec'),
    ('Burton,CarlosS.','fringilla'),
    ('Carlson,KimberlyN.','pede.'),
    ('Gutierrez,GaryW.','ullamcorper.'),
    ('Weeks,MoanaD.','consectetuer,'),
    ('Holcomb,MaryN.','mi'),
    ('Dickson,IsabellaW.','sapien.'),
    ('Sweeney,CelesteT.','rutrum.'),
    ('Simon,JeromeY.','sit'),
    ('Hansen,KylanQ.','eget'),
    ('Richards,MarisE.','enim.'),
    ('Gutierrez,LyleI.','feugiat'),
    ('Pitts,JordenY.','lectus'),
    ('Santiago,HollyQ.','a,'),
    ('Donovan,HeatherN.','semper'),
    ('Delaney,ZenaidaE.','interdum.'),
    ('Meyers,BarryS.','Ut'),
    ('Park,LindaB.','dis'),
    ('Villarreal,SamuelA.','nibh'),
    ('Chen,YuliI.','egestas');

--INSERT para videojuego
INSERT INTO DVD (clave, formato, genero)
VALUES (3200,'DVD','dui'),
    (3201,'BRY','Suspendisse'),
    (3202,'DVD','Aliquam'),
    (3203,'BRY','vehicula'),
    (3204,'BRY','rutrum'),
    (3205,'BRY','conubia'),
    (3206,'DVD','Cum'),
    (3207,'DVD','massa.'),
    (3208,'BRY','a,'),
    (3209,'DVD','lorem'),
    (3210,'DVD','non'),
    (3211,'BRY','quam.'),
    (3212,'BRY','convallis'),
    (3213,'DVD','eu,'),
    (3214,'DVD','fermentum'),
    (3215,'BRY','vel'),
    (3216,'BRY','turpis'),
    (3217,'DVD','neque.'),
    (3218,'DVD','molestie'),
    (3219,'BRY','vestibulum'),
    (3220,'DVD','libero'),
    (3221,'DVD','non'),
    (3222,'DVD','id'),
    (3223,'DVD','egestas,'),
    (3224,'BRY','dolor'),
    (3225,'BRY','malesuada'),
    (3226,'DVD','egestas.'),
    (3227,'BRY','tortor.'),
    (3228,'BRY','aliquet,'),
    (3229,'DVD','et'),
    (3230,'DVD','turpis'),
    (3231,'BRY','massa'),
    (3232,'DVD','lacus.'),
    (3233,'BRY','parturient'),
    (3234,'DVD','eu'),
    (3235,'DVD','ante.'),
    (3236,'DVD','commodo'),
    (3237,'BRY','fringilla'),
    (3238,'DVD','fermentum'),
    (3239,'DVD','mi'),
    (3240,'DVD','consectetuer'),
    (3241,'BRY','urna.'),
    (3242,'DVD','dictum'),
    (3243,'BRY','mi'),
    (3244,'BRY','nec,'),
    (3245,'DVD','pede,'),
    (3246,'DVD','pretium'),
    (3247,'BRY','Quisque'),
    (3248,'DVD','amet'),
    (3249,'DVD','odio'),
    (3250,'BRY','convallis'),
    (3251,'BRY','Suspendisse'),
    (3252,'BRY','nisi'),
    (3253,'BRY','sed,'),
    (3254,'DVD','in,'),
    (3255,'BRY','diam'),
    (3256,'DVD','eu,'),
    (3257,'BRY','blandit.'),
    (3258,'DVD','viverra.'),
    (3259,'DVD','venenatis'),
    (3260,'BRY','consectetuer'),
    (3261,'DVD','quam'),
    (3262,'DVD','amet'),
    (3263,'BRY','Integer'),
    (3264,'BRY','Duis'),
    (3265,'BRY','eu'),
    (3266,'BRY','sollicitudin'),
    (3267,'BRY','amet,'),
    (3268,'BRY','ut'),
    (3269,'DVD','iaculis'),
    (3270,'BRY','rutrum,'),
    (3271,'BRY','ante,'),
    (3272,'BRY','Aliquam'),
    (3273,'DVD','luctus,'),
    (3274,'BRY','facilisis,'),
    (3275,'DVD','ultricies'),
    (3276,'BRY','amet'),
    (3277,'DVD','arcu.'),
    (3278,'DVD','quis'),
    (3279,'DVD','aliquam,'),
    (3280,'BRY','interdum.'),
    (3281,'BRY','sed'),
    (3282,'BRY','tristique'),
    (3283,'BRY','tortor,'),
    (3284,'BRY','accumsan'),
    (3285,'DVD','tellus'),
    (3286,'BRY','sociis'),
    (3287,'DVD','nunc'),
    (3288,'DVD','lacinia.'),
    (3289,'DVD','est.'),
    (3290,'BRY','interdum'),
    (3291,'DVD','purus,'),
    (3292,'DVD','lobortis.'),
    (3293,'DVD','vitae'),
    (3294,'BRY','placerat.'),
    (3295,'BRY','eleifend'),
    (3296,'DVD','egestas'),
    (3297,'DVD','aliquam'),
    (3298,'BRY','varius'),
    (3299,'BRY','ultrices');

--INSERCIONES PARA VIDEOJUEGO
INSERT INTO Videojuego (clave,tipo,consola) 
VALUES (3300,'dui.','PS3'),
	(3301,'est,','NTO'),(3302,'scelerisque','NTO'),(3303,'Curabitur','NTO'),(3304,'ligula','XBX'),(3305,'nec','XBX'),(3306,'molestie','PS3'),(3307,'ipsum.','CMP'),(3308,'egestas','NTO'),(3309,'eleifend','NTO'),(3310,'interdum.','XBX'),(3311,'facilisi.','XBX'),(3312,'nisl.','XBX'),(3313,'rhoncus.','CMP'),(3314,'mollis.','PS3'),(3315,'eu,','CMP'),(3316,'amet,','PS3'),(3317,'eget,','PS3'),(3318,'dignissim','NTO'),(3319,'at','XBX'),(3320,'Donec','PS3'),(3321,'Nam','CMP'),(3322,'turpis.','NTO'),(3323,'Suspendisse','NTO'),(3324,'porttitor','XBX'),(3325,'tempor','PS3'),(3326,'In','NTO'),(3327,'eget,','NTO'),(3328,'venenatis','XBX'),(3329,'ac,','NTO'),(3330,'Nulla','PS3'),(3331,'velit.','CMP'),(3332,'fermentum','PS3'),(3333,'Vivamus','NTO'),(3334,'semper,','XBX'),(3335,'Ut','NTO'),(3336,'dui.','CMP'),(3337,'nec,','XBX'),(3338,'ut,','CMP'),(3339,'Donec','CMP'),(3340,'elementum','XBX'),(3341,'Aliquam','CMP'),(3342,'lectus.','PS3'),(3343,'Donec','PS3'),(3344,'fringilla','XBX'),(3345,'a','XBX'),(3346,'vulputate,','CMP'),(3347,'vulputate','CMP'),(3348,'ut','XBX'),(3349,'tempor','NTO'),(3350,'congue.','CMP'),(3351,'eu,','XBX'),(3352,'cubilia','NTO'),(3353,'sed,','PS3'),(3354,'ligula.','CMP'),(3355,'lectus','XBX'),(3356,'lectus','NTO'),(3357,'ligula.','XBX'),(3358,'elit,','XBX'),(3359,'nisl.','XBX'),(3360,'nibh.','NTO'),(3361,'vel,','CMP'),(3362,'mauris','XBX'),(3363,'Aliquam','PS3'),(3364,'Lorem','XBX'),(3365,'ut,','XBX'),(3366,'tincidunt','XBX'),(3367,'lorem,','CMP'),(3368,'dui,','CMP'),(3369,'felis','PS3'),(3370,'hendrerit.','CMP'),(3371,'tristique','XBX'),(3372,'blandit','CMP'),(3373,'Mauris','CMP'),(3374,'magna.','CMP'),(3375,'rhoncus','PS3'),(3376,'cursus.','CMP'),(3377,'ipsum','PS3'),(3378,'pharetra','NTO'),(3379,'a','NTO'),(3380,'eros','NTO'),(3381,'pharetra','PS3'),(3382,'neque','CMP'),(3383,'quis','NTO'),(3384,'sed','CMP'),(3385,'scelerisque','CMP'),(3386,'Cum','NTO'),(3387,'tempor','CMP'),(3388,'Maecenas','CMP'),(3389,'dolor,','PS3'),(3390,'eu','CMP'),(3391,'dui.','PS3'),(3392,'malesuada','XBX'),(3393,'malesuada','NTO'),(3394,'euismod','XBX'),(3395,'mi','CMP'),(3396,'lobortis','PS3'),(3397,'eros','NTO'),(3398,'eget','PS3'),(3399,'tempus','NTO');


--INSERCIONES PARA VENTA
INSERT INTO Venta (ID_venta,total,fecha) 
VALUES (4000,'3212.33','17/12/2015'),(4001,'8003.58','17/06/2016'),(4002,'5389.06','01/08/2016'),(4003,'1354.18','21/06/2015'),(4004,'5701.16','24/11/2015'),(4005,'9092.11','24/03/2016'),(4006,'3221.82','23/03/2015'),(4007,'8795.29','17/12/2015'),(4008,'5418.74','23/03/2016'),(4009,'6277.28','02/12/2015'),(4010,'5401.45','21/09/2015'),(4011,'1541.76','22/08/2015'),(4012,'9248.48','08/08/2015'),(4013,'9805.40','23/09/2015'),(4014,'4112.61','04/05/2015'),(4015,'8612.65','03/05/2016'),(4016,'1189.45','08/03/2016'),(4017,'873.42','06/08/2015'),(4018,'3039.72','09/06/2016'),(4019,'5719.02','29/09/2015'),(4020,'6580.50','17/03/2016'),(4021,'8845.51','30/04/2015'),(4022,'8027.12','20/12/2014'),(4023,'3750.69','08/12/2014'),(4024,'1304.96','09/07/2016'),(4025,'4430.20','03/10/2016'),(4026,'4058.71','26/03/2015'),(4027,'7577.99','28/12/2015'),(4028,'758.41','20/04/2016'),(4029,'7100.88','18/12/2015'),(4030,'6471.02','26/05/2015'),(4031,'6612.48','17/09/2016'),(4032,'6251.91','18/04/2016'),(4033,'8708.51','10/10/2016'),(4034,'4894.75','05/04/2016'),(4035,'1365.89','23/07/2015'),(4036,'9231.31','04/11/2015'),(4037,'998.71','28/12/2015'),(4038,'592.93','22/11/2015'),(4039,'3680.06','20/08/2016'),(4040,'5262.89','03/05/2016'),(4041,'5844.77','08/07/2016'),(4042,'6715.38','25/06/2015'),(4043,'4268.96','25/01/2015'),(4044,'5496.38','05/07/2015'),(4045,'6600.11','27/02/2015'),(4046,'7016.10','22/09/2015'),(4047,'6282.26','22/12/2015'),(4048,'217.95','05/01/2016'),(4049,'5213.33','07/06/2016'),(4050,'5525.60','18/10/2016'),(4051,'6337.29','11/02/2015'),(4052,'4769.47','01/06/2016'),(4053,'2053.27','05/02/2015'),(4054,'612.91','02/10/2016'),(4055,'9611.84','07/08/2016'),(4056,'483.07','28/09/2016'),(4057,'6149.95','30/06/2015'),(4058,'633.90','07/10/2015'),(4059,'2424.11','28/01/2015'),(4060,'247.24','05/08/2016'),(4061,'1467.36','11/08/2016'),(4062,'358.13','31/10/2016'),(4063,'3246.68','13/06/2016'),(4064,'5843.99','12/06/2016'),(4065,'9163.95','16/11/2015'),(4066,'2987.82','06/11/2016'),(4067,'233.05','28/02/2015'),(4068,'8601.87','25/02/2015'),(4069,'2113.26','20/04/2015'),(4070,'9228.39','17/05/2016'),(4071,'8551.88','07/06/2015'),(4072,'9730.52','15/08/2015'),(4073,'125.80','16/09/2015'),(4074,'7454.77','26/04/2016'),(4075,'8434.87','12/09/2016'),(4076,'490.22','14/12/2014'),(4077,'7568.77','25/11/2016'),(4078,'9238.81','25/08/2015'),(4079,'7095.45','06/05/2015'),(4080,'3295.65','01/06/2016'),(4081,'1684.11','24/11/2015'),(4082,'1157.92','13/02/2016'),(4083,'5275.85','28/01/2016'),(4084,'8351.70','28/04/2015'),(4085,'5884.92','05/05/2015'),(4086,'8849.24','01/06/2015'),(4087,'2530.68','15/01/2016'),(4088,'7917.14','05/10/2016'),(4089,'6783.86','05/12/2015'),(4090,'470.86','03/07/2016'),(4091,'8585.47','23/07/2015'),(4092,'6059.98','23/08/2015'),(4093,'4322.41','06/10/2016'),(4094,'5323.12','20/04/2015'),(4095,'1343.65','05/01/2015'),(4096,'1722.25','01/08/2016'),(4097,'7861.16','27/05/2016'),(4098,'1445.29','30/01/2016'),(4099,'6578.31','27/04/2015');

--INSERCIONES PARA EMPLEADO_ADMINISTRADOR
INSERT INTO Empleado_Administrador (no_empleado,no_administrador) 
VALUES (1000,2090),(1001,2009),(1002,2007),(1003,2076),(1004,2050),(1005,2046),(1006,2080),(1007,2074),(1008,2030),(1009,2083),(1010,2021),(1011,2006),(1012,2082),(1013,2033),(1014,2094),(1015,2048),(1016,2099),(1017,2019),(1018,2000),(1019,2061),(1020,2025),(1021,2046),(1022,2086),(1023,2075),(1024,2040),(1025,2003),(1026,2061),(1027,2099),(1028,2001),(1029,2036),(1030,2098),(1031,2003),(1032,2045),(1033,2075),(1034,2029),(1035,2079),(1036,2029),(1037,2059),(1038,2015),(1039,2016),(1040,2038),(1041,2039),(1042,2065),(1043,2000),(1044,2044),(1045,2055),(1046,2029),(1047,2049),(1048,2002),(1049,2050),(1050,2022),(1051,2000),(1052,2043),(1053,2034),(1054,2006),(1055,2004),(1056,2054),(1057,2006),(1058,2049),(1059,2089),(1060,2027),(1061,2025),(1062,2093),(1063,2030),(1064,2002),(1065,2009),(1066,2025),(1067,2042),(1068,2009),(1069,2085),(1070,2043),(1071,2054),(1072,2051),(1073,2093),(1074,2020),(1075,2080),(1076,2046),(1077,2007),(1078,2000),(1079,2015),(1080,2007),(1081,2084),(1082,2051),(1083,2029),(1084,2086),(1085,2024),(1086,2042),(1087,2023),(1088,2003),(1089,2053),(1090,2041),(1091,2045),(1092,2072),(1093,2059),(1094,2087),(1095,2078),(1096,2057),(1097,2066),(1098,2037),(1099,2045);

--INSERCIONES PARA Venta_Empleado
INSERT INTO Venta_Empleado (ID_venta,no_empleado) 
VALUES (4000,1074),(4001,1008),(4002,1062),(4003,1074),(4004,1051),(4005,1014),(4006,1091),(4007,1012),(4008,1029),(4009,1055),(4010,1089),(4011,1059),(4012,1003),(4013,1091),(4014,1023),(4015,1075),(4016,1019),(4017,1095),(4018,1014),(4019,1031),(4020,1030),(4021,1007),(4022,1064),(4023,1065),(4024,1015),(4025,1044),(4026,1055),(4027,1006),(4028,1065),(4029,1098),(4030,1004),(4031,1036),(4032,1076),(4033,1021),(4034,1071),(4035,1039),(4036,1067),(4037,1020),(4038,1050),(4039,1032),(4040,1067),(4041,1053),(4042,1000),(4043,1086),(4044,1022),(4045,1002),(4046,1018),(4047,1002),(4048,1043),(4049,1002),(4050,1049),(4051,1058),(4052,1068),(4053,1042),(4054,1093),(4055,1027),(4056,1096),(4057,1041),(4058,1078),(4059,1057),(4060,1000),(4061,1029),(4062,1048),(4063,1034),(4064,1056),(4065,1068),(4066,1077),(4067,1023),(4068,1035),(4069,1075),(4070,1073),(4071,1096),(4072,1003),(4073,1009),(4074,1042),(4075,1000),(4076,1065),(4077,1067),(4078,1098),(4079,1023),(4080,1036),(4081,1042),(4082,1029),(4083,1089),(4084,1076),(4085,1007),(4086,1057),(4087,1070),(4088,1025),(4089,1022),(4090,1088),(4091,1022),(4092,1050),(4093,1084),(4094,1044),(4095,1093),(4096,1068),(4097,1045),(4098,1038),(4099,1094);

--INSERCIONES PARA ARTICULO_ADMINISTRADOR
INSERT INTO Articulo_Administrador (clave,no_administrador) 
VALUES (3100,2026),(3101,2097),(3102,2089),(3103,2008),(3104,2040),(3105,2035),(3106,2036),(3107,2075),(3108,2027),(3109,2022),(3110,2082),(3111,2017),(3112,2024),(3113,2095),(3114,2083),(3115,2088),(3116,2097),(3117,2060),(3118,2048),(3119,2045),(3120,2008),(3121,2082),(3122,2059),(3123,2032),(3124,2026),(3125,2085),(3126,2007),(3127,2077),(3128,2011),(3129,2020),(3130,2036),(3131,2071),(3132,2082),(3133,2083),(3134,2084),(3135,2086),(3136,2027),(3137,2074),(3138,2029),(3139,2080),(3140,2073),(3141,2013),(3142,2089),(3143,2082),(3144,2090),(3145,2087),(3146,2074),(3147,2089),(3148,2005),(3149,2039),(3150,2064),(3151,2020),(3152,2093),(3153,2001),(3154,2016),(3155,2066),(3156,2046),(3157,2059),(3158,2009),(3159,2064),(3160,2018),(3161,2084),(3162,2064),(3163,2062),(3164,2025),(3165,2065),(3166,2073),(3167,2016),(3168,2035),(3169,2057),(3170,2082),(3171,2046),(3172,2040),(3173,2080),(3174,2033),(3175,2055),(3176,2072),(3177,2079),(3178,2062),(3179,2036),(3180,2098),(3181,2038),(3182,2016),(3183,2020),(3184,2005),(3185,2041),(3186,2098),(3187,2052),(3188,2049),(3189,2088),(3190,2018),(3191,2024),(3192,2047),(3193,2062),(3194,2072),(3195,2077),(3196,2020),(3197,2031),(3198,2010),(3199,2076);

--INSERCIONES PARA Venta_Administrador
INSERT INTO Venta_Administrador (no_administrador,ID_venta) 
VALUES (2044,4000),(2005,4001),(2027,4002),(2071,4003),(2035,4004),(2092,4005),(2074,4006),(2047,4007),(2054,4008),(2030,4009),(2086,4010),(2002,4011),(2065,4012),(2080,4013),(2088,4014),(2001,4015),(2030,4016),(2017,4017),(2075,4018),(2035,4019),(2070,4020),(2087,4021),(2090,4022),(2037,4023),(2097,4024),(2019,4025),(2016,4026),(2021,4027),(2000,4028),(2050,4029),(2095,4030),(2073,4031),(2020,4032),(2063,4033),(2032,4034),(2074,4035),(2096,4036),(2009,4037),(2010,4038),(2021,4039),(2094,4040),(2060,4041),(2069,4042),(2096,4043),(2017,4044),(2015,4045),(2033,4046),(2089,4047),(2072,4048),(2055,4049),(2065,4050),(2029,4051),(2026,4052),(2083,4053),(2000,4054),(2041,4055),(2090,4056),(2006,4057),(2022,4058),(2070,4059),(2039,4060),(2066,4061),(2093,4062),(2071,4063),(2045,4064),(2005,4065),(2048,4066),(2012,4067),(2048,4068),(2007,4069),(2066,4070),(2001,4071),(2068,4072),(2074,4073),(2068,4074),(2029,4075),(2007,4076),(2056,4077),(2073,4078),(2046,4079),(2002,4080),(2085,4081),(2096,4082),(2040,4083),(2091,4084),(2011,4085),(2032,4086),(2048,4087),(2079,4088),(2048,4089),(2028,4090),(2008,4091),(2042,4092),(2063,4093),(2078,4094),(2008,4095),(2029,4096),(2080,4097),(2038,4098),(2056,4099);

--INSERCIONES PARA VENTA_ARTICULO
INSERT INTO Venta_Articulo (ID_venta,clave,cantidad) 
VALUES (4043,3100,6),(4086,3101,7),(4068,3102,5),(4096,3103,3),(4032,3104,1),(4082,3105,10),(4064,3106,2),(4071,3107,1),(4000,3108,3),(4036,3109,1),(4013,3110,8),(4076,3111,10),(4000,3112,1),(4010,3113,10),(4047,3114,10),(4046,3115,8),(4022,3116,10),(4034,3117,10),(4034,3118,9),(4010,3119,6),(4021,3120,5),(4030,3121,3),(4093,3122,8),(4046,3123,3),(4084,3124,1),(4092,3125,6),(4086,3126,3),(4023,3127,8),(4084,3128,3),(4011,3129,10),(4045,3130,5),(4008,3131,4),(4066,3132,10),(4030,3133,3),(4083,3134,9),(4023,3135,10),(4004,3136,1),(4017,3137,7),(4081,3138,5),(4013,3139,9),(4025,3140,10),(4088,3141,4),(4041,3142,10),(4067,3143,3),(4030,3144,7),(4004,3145,4),(4010,3146,1),(4099,3147,9),(4073,3148,7),(4026,3149,4),(4092,3150,5),(4040,3151,9),(4070,3152,2),(4065,3153,7),(4042,3154,9),(4063,3155,1),(4042,3156,3),(4070,3157,8),(4015,3158,6),(4016,3159,4),(4090,3160,2),(4070,3161,6),(4013,3162,6),(4037,3163,2),(4048,3164,7),(4077,3165,8),(4045,3166,4),(4050,3167,8),(4072,3168,5),(4065,3169,2),(4030,3170,5),(4089,3171,2),(4075,3172,8),(4077,3173,9),(4005,3174,2),(4087,3175,10),(4021,3176,3),(4039,3177,10),(4005,3178,4),(4020,3179,4),(4053,3180,7),(4089,3181,9),(4024,3182,1),(4087,3183,2),(4031,3184,2),(4003,3185,7),(4040,3186,9),(4053,3187,4),(4049,3188,5),(4055,3189,4),(4057,3190,6),(4095,3191,9),(4004,3192,4),(4086,3193,4),(4032,3194,10),(4066,3195,6),(4019,3196,6),(4072,3197,2),(4041,3198,4),(4065,3199,5);